[{"azimuth":0,"gain":-0.0},
{"azimuth":10,"gain":-0.0},
{"azimuth":20,"gain":-0.0},
{"azimuth":30,"gain":-1.0},
{"azimuth":40,"gain":-2.0},
{"azimuth":50,"gain":-3.0},
{"azimuth":60,"gain":-5.0},
{"azimuth":70,"gain":-7.0},
{"azimuth":80,"gain":-10.0},
{"azimuth":90,"gain":-13.0},
{"azimuth":100,"gain":-16.0},
{"azimuth":110,"gain":-20.0},
{"azimuth":120,"gain":-19.0},
{"azimuth":130,"gain":-18.0},
{"azimuth":140,"gain":-17.0},
{"azimuth":150,"gain":-16.0},
{"azimuth":160,"gain":-15.0},
{"azimuth":170,"gain":-14.0},
{"azimuth":180,"gain":-13.0},
{"azimuth":190,"gain":-14.0},
{"azimuth":200,"gain":-15.0},
{"azimuth":210,"gain":-16.0},
{"azimuth":220,"gain":-17.0},
{"azimuth":230,"gain":-18.0},
{"azimuth":240,"gain":-19.0},
{"azimuth":250,"gain":-20.0},
{"azimuth":260,"gain":-16.0},
{"azimuth":270,"gain":-13.0},
{"azimuth":280,"gain":-10.0},
{"azimuth":290,"gain":-7.0},
{"azimuth":300,"gain":-5.0},
{"azimuth":310,"gain":-3.0},
{"azimuth":320,"gain":-2.0},
{"azimuth":330,"gain":-1.0},
{"azimuth":340,"gain":-0.0},
{"azimuth":350,"gain":-0.0},
{"azimuth":0,"gain":-0.0}]
